City_ID,City,Country,Lat,Lng,Max Temp,Humidity,Cloudiness,Wind Speed,Current Description
0,Upernavik,GL,72.7868,-56.1549,16.45,83,76,6.62,broken clouds
1,Saskylakh,RU,71.9167,114.0833,13.95,93,100,10.18,overcast clouds
2,Saint Paul Harbor,US,57.79,-152.4072,35.11,93,100,9.22,moderate rain
3,Mataura,NZ,-46.1927,168.8643,62.11,62,34,5.28,scattered clouds
4,Hobart,AU,-42.8794,147.3294,59.25,52,75,14.97,broken clouds
5,Esperance,AU,-33.8667,121.9,60.98,69,95,12.28,overcast clouds
6,Tiksi,RU,71.6872,128.8694,14.56,78,100,20.62,overcast clouds
7,Port Alfred,ZA,-33.5906,26.891,62.19,84,20,8.01,few clouds
8,Ushuaia,AR,-54.8,-68.3,37.06,75,0,4.61,clear sky
9,Leningradskiy,RU,69.3833,178.4167,-1.3,91,100,6.98,overcast clouds
10,Yellowknife,CA,62.456,-114.3525,-1.26,94,20,6.71,few clouds
11,Qaanaaq,GL,77.484,-69.3632,6.89,95,99,4.25,light snow
12,Praia da Vitória,PT,38.7333,-27.0667,67.75,99,100,6.6,overcast clouds
13,Cape Town,ZA,-33.9258,18.4232,68.11,59,25,1.99,scattered clouds
14,Punta Arenas,CL,-53.15,-70.9167,46.11,76,40,9.22,scattered clouds
15,Khlung,TH,12.4547,102.2214,90.37,32,36,8.95,scattered clouds
16,Zonguldak,TR,41.25,31.8333,42.84,70,7,4.0,clear sky
17,Pangnirtung,CA,66.1451,-65.7125,22.05,54,100,11.34,overcast clouds
18,Tocopilla,CL,-22.092,-70.1979,63.68,62,2,5.91,clear sky
19,Les Escoumins,CA,48.1111,-69.0236,43.36,84,32,10.13,scattered clouds
20,Portland,US,45.5234,-122.6762,44.82,93,75,8.05,broken clouds
21,Lakhdenpokh'ya,RU,61.5198,30.1992,39.79,92,100,4.03,overcast clouds
22,Mogadishu,SO,2.0371,45.3438,79.79,76,54,10.76,broken clouds
23,Toamasina,MG,-18.1667,49.3833,77.23,62,74,1.23,broken clouds
24,Seoul,KR,37.5683,126.9778,65.59,16,0,6.11,clear sky
25,Arvin,US,35.2091,-118.8284,60.4,94,84,6.22,moderate rain
26,Atar,MR,20.5169,-13.0499,73.71,12,0,7.25,clear sky
27,Santa Comba,ES,43.0331,-8.8093,51.85,98,98,3.27,overcast clouds
28,Provideniya,RU,64.3833,-173.3,26.83,71,100,31.45,overcast clouds
29,Thompson,CA,55.7435,-97.8558,25.38,57,100,7.81,overcast clouds
30,Kavieng,PG,-2.5744,150.7967,85.08,65,73,1.79,broken clouds
31,Vaini,TO,-21.2,-175.2,77.16,94,100,6.91,light rain
32,Faanui,PF,-16.4833,-151.75,77.11,81,54,13.76,light rain
33,Chicama,PE,-7.8447,-79.1469,57.74,83,63,4.79,broken clouds
34,Mareeba,AU,-17.0,145.4333,87.44,71,47,7.72,scattered clouds
35,Atuona,PF,-9.8,-139.0333,77.09,74,3,10.98,clear sky
36,Zapolyarnyy,RU,69.4154,30.8136,27.68,91,67,9.91,broken clouds
37,Kapaa,US,22.0752,-159.319,78.78,82,0,16.11,clear sky
38,Luganville,VU,-15.5333,167.1667,83.19,68,15,7.36,few clouds
39,Bluff,NZ,-46.6,168.3333,57.29,70,10,5.39,clear sky
40,Auki,SB,-8.7676,160.7034,82.42,78,57,2.98,broken clouds
41,Itarema,BR,-2.9248,-39.9167,75.9,89,58,9.6,broken clouds
42,Guerrero Negro,MX,27.9769,-114.0611,67.68,78,13,6.4,few clouds
43,Cherskiy,RU,68.75,161.3,-21.26,98,29,6.69,scattered clouds
44,Zlynka,RU,52.4267,31.7378,40.62,71,73,2.37,broken clouds
45,New Norfolk,AU,-42.7826,147.0587,58.91,56,100,4.0,overcast clouds
46,Puerto Ayora,EC,-0.7393,-90.3518,67.23,83,42,7.54,scattered clouds
47,Souillac,MU,-20.5167,57.5167,74.89,73,26,14.52,light rain
48,Cidreira,BR,-30.1811,-50.2056,54.77,77,44,9.24,scattered clouds
49,Butaritari,KI,3.0707,172.7902,81.45,68,83,13.27,broken clouds
50,Juneau,US,58.3019,-134.4197,33.22,97,20,0.0,few clouds
51,Mpongwe,ZM,-13.5091,28.155,72.79,56,93,8.39,overcast clouds
52,Rikitea,PF,-23.1203,-134.9692,70.05,63,54,18.9,broken clouds
53,Ilulissat,GL,69.2167,-51.1,19.42,73,23,9.22,few clouds
54,Saint-Philippe,RE,-21.3585,55.7679,78.39,80,32,12.8,scattered clouds
55,Tuktoyaktuk,CA,69.4541,-133.0374,-0.47,91,10,11.61,clear sky
56,Vestmannaeyjar,IS,63.4427,-20.2734,41.07,65,100,4.88,light rain
57,Mahébourg,MU,-20.4081,57.7,78.26,75,21,14.45,light rain
58,Busselton,AU,-33.65,115.3333,68.47,52,36,8.03,scattered clouds
59,Mana,GF,5.6592,-53.7767,77.43,87,99,6.73,overcast clouds
60,Winslow,US,35.0242,-110.6974,51.98,43,0,4.61,clear sky
61,Moultrie,US,31.1799,-83.7891,60.82,82,0,0.0,clear sky
62,São Filipe,CV,14.8961,-24.4956,79.75,64,72,3.29,broken clouds
63,Barrow,US,71.2906,-156.7887,-5.78,84,0,11.5,clear sky
64,Kuusamo,FI,65.9667,29.1833,23.04,100,100,2.3,fog
65,Los Algarrobos,PA,8.5,-82.4333,73.78,92,100,1.61,overcast clouds
66,Kaeo,NZ,-35.1,173.7833,70.32,78,97,8.86,overcast clouds
67,Walvis Bay,NA,-22.9575,14.5053,57.09,90,73,6.44,broken clouds
68,Albany,US,42.6001,-73.9662,57.67,81,41,1.99,scattered clouds
69,Mount Gambier,AU,-37.8333,140.7667,55.31,88,75,19.57,broken clouds
70,Khartoum,SD,15.5518,32.5324,73.02,31,9,3.0,clear sky
71,Sibolga,ID,1.7427,98.7792,82.4,78,99,2.57,overcast clouds
72,Porbandar,IN,21.6422,69.6093,85.82,35,0,8.79,clear sky
73,Avarua,CK,-21.2078,-159.775,75.25,73,75,13.8,broken clouds
74,Hermanus,ZA,-34.4187,19.2345,61.81,85,52,11.81,broken clouds
75,Bredasdorp,ZA,-34.5322,20.0403,62.6,82,93,13.33,overcast clouds
76,Elko,US,41.0002,-115.5012,38.64,79,89,21.0,moderate rain
77,Hervey Bay,AU,-25.2986,152.8535,75.16,36,0,12.08,clear sky
78,Voi,KE,-3.3945,38.563,73.87,72,26,6.24,scattered clouds
79,Lüderitz,NA,-26.6481,15.1594,57.72,84,0,4.85,clear sky
80,Hithadhoo,MV,-0.6,73.0833,81.0,78,98,15.82,overcast clouds
81,Khatanga,RU,71.9667,102.5,15.85,94,100,11.21,light snow
82,Gazojak,TM,41.1875,61.4036,48.11,35,0,9.4,clear sky
83,Half Moon Bay,US,37.4636,-122.4286,53.78,87,40,6.91,scattered clouds
84,Havre-St-Pierre,CA,50.2334,-63.5986,44.96,100,100,6.91,light rain
85,Bandarbeyla,SO,9.4942,50.8122,80.28,69,65,7.81,broken clouds
86,Iracoubo,GF,5.4802,-53.2011,77.83,85,96,6.76,overcast clouds
87,Ca Mau,VN,9.1769,105.15,83.73,73,100,4.59,overcast clouds
88,Nikolskoye,RU,59.7035,30.7861,41.92,94,84,2.89,broken clouds
89,Arraial do Cabo,BR,-22.9661,-42.0278,69.42,82,100,21.81,overcast clouds
90,Bac Lieu,VN,9.285,105.7244,82.69,72,100,8.16,overcast clouds
91,Grand-Lahou,CI,5.1367,-5.0242,76.66,90,40,4.99,light rain
92,Port-Gentil,GA,-0.7193,8.7815,78.76,94,100,6.91,overcast clouds
93,Gouré,NE,13.9835,10.2704,73.83,25,14,10.74,few clouds
94,Mandalgovi,MN,45.7625,106.2708,29.52,32,100,5.39,overcast clouds
95,Rio Grande,BR,-32.035,-52.0986,51.44,71,0,7.96,clear sky
96,Mar del Plata,AR,-38.0023,-57.5575,53.1,72,0,12.66,clear sky
97,Vila Franca do Campo,PT,37.7167,-25.4333,70.2,94,100,13.0,light rain
98,Sawtell,AU,-30.3833,153.1,72.19,23,33,14.97,scattered clouds
99,Yumen,CN,40.2833,97.2,49.12,27,0,9.69,clear sky
100,Kushima,JP,31.4583,131.2333,68.92,80,100,7.0,overcast clouds
101,Burnie,AU,-41.0667,145.9167,52.07,70,100,16.6,overcast clouds
102,Khasan,RU,42.4308,130.6434,52.14,49,48,11.05,scattered clouds
103,Bethel,US,41.3712,-73.414,59.36,88,0,1.01,clear sky
104,Torbay,CA,47.6666,-52.7314,47.57,90,66,9.4,broken clouds
105,Nanning,CN,22.8167,108.3167,81.57,28,75,6.51,broken clouds
106,Natal,BR,-5.795,-35.2094,72.25,100,20,4.61,few clouds
107,Tasiilaq,GL,65.6145,-37.6368,30.36,77,84,5.55,broken clouds
108,Srednekolymsk,RU,67.45,153.6833,-14.94,96,63,2.59,broken clouds
109,East London,ZA,-33.0153,27.9116,66.58,70,40,18.84,scattered clouds
110,Lagoa,PT,39.05,-27.9833,65.68,94,100,8.19,light rain
111,Östersund,SE,63.1792,14.6357,45.05,100,100,15.01,overcast clouds
112,Sandwick,GB,60.0,-1.25,51.62,76,84,17.27,broken clouds
113,Chui,UY,-33.6971,-53.4616,44.44,81,0,3.36,clear sky
114,Taoudenni,ML,22.6783,-3.9836,71.92,19,0,9.71,clear sky
115,Kruisfontein,ZA,-34.0033,24.7314,60.89,78,20,6.51,few clouds
116,Dikson,RU,73.5069,80.5464,21.74,69,100,14.14,overcast clouds
117,Mpanda,TZ,-6.3655,31.0409,77.36,33,99,8.84,overcast clouds
118,Karasjok,NO,69.4719,25.5112,28.47,96,87,7.16,overcast clouds
119,Port Elizabeth,ZA,-33.918,25.5701,64.31,85,8,4.0,clear sky
120,Murygino,RU,58.7383,49.4582,32.61,96,100,12.55,light snow
121,Ürümqi,CN,43.801,87.6005,43.75,57,0,4.47,clear sky
122,Coyhaique,CL,-45.5752,-72.0662,43.41,94,8,0.96,clear sky
123,Saint-Estève,FR,42.7131,2.843,60.71,70,0,6.91,clear sky
124,Husavik,IS,66.0449,-17.3389,34.79,92,100,9.13,overcast clouds
125,Shakiso,ET,5.75,38.9167,63.86,76,11,3.09,few clouds
126,Grindavik,IS,63.8424,-22.4338,39.67,75,0,21.85,clear sky
127,Hilo,US,19.7297,-155.09,74.93,83,0,8.05,clear sky
128,Castro,BR,-24.7911,-50.0119,43.79,96,100,8.52,overcast clouds
129,Ust'-Barguzin,RU,53.45,108.9833,26.98,67,96,1.34,overcast clouds
130,Saint George,US,37.1041,-113.5841,62.26,27,0,5.01,clear sky
131,Myitkyina,MM,25.3833,97.4,83.91,41,0,1.16,clear sky
132,Grong,NO,64.4654,12.3149,47.48,94,82,5.23,broken clouds
133,Halifax,CA,44.6453,-63.5724,57.45,95,93,4.0,overcast clouds
134,Bambous Virieux,MU,-20.3428,57.7575,78.22,75,23,14.05,light rain
135,Requena,ES,39.4883,-1.1004,57.52,74,12,2.01,few clouds
136,Balaipungut,ID,1.05,101.2833,84.04,80,88,2.44,overcast clouds
137,Campbellsville,US,37.3434,-85.3419,50.11,66,100,4.09,overcast clouds
138,Orlik,RU,52.5178,99.825,20.95,53,34,1.5,scattered clouds
139,Haines Junction,CA,60.7522,-137.5108,16.14,91,99,0.56,overcast clouds
140,Vila Velha,BR,-20.3297,-40.2925,73.35,93,100,17.0,overcast clouds
141,Isangel,VU,-19.55,169.2667,79.68,77,63,5.06,broken clouds
142,Egvekinot,RU,66.3167,-179.1667,4.95,88,98,15.84,overcast clouds
143,Bara,NG,10.3744,10.7288,71.71,33,10,5.48,clear sky
144,Brae,GB,60.3964,-1.353,50.11,71,65,16.08,broken clouds
145,Udayagiri,IN,20.1333,84.3833,78.64,59,26,2.71,scattered clouds
146,Fortuna,US,40.5982,-124.1573,46.65,95,100,6.91,overcast clouds
147,Nabire,ID,-3.3667,135.4833,88.16,62,47,6.22,scattered clouds
148,Kilindoni,TZ,-7.9139,39.6668,77.58,75,17,6.11,few clouds
149,Padang,ID,-0.9492,100.3543,86.05,69,65,4.41,broken clouds
150,Zaprudnya,RU,56.5667,37.4333,33.01,99,100,3.15,overcast clouds
151,Tuatapere,NZ,-46.1333,167.6833,64.36,54,16,6.06,few clouds
152,Longyearbyen,SJ,78.2186,15.6401,33.64,93,75,6.91,light rain
153,Severo-Kuril'sk,RU,50.6789,156.125,40.1,71,100,7.07,overcast clouds
154,Carnarvon,AU,-24.8667,113.6333,80.91,38,0,12.57,clear sky
155,Estelle,US,29.8458,-90.1067,69.8,78,75,3.44,broken clouds
156,George Town,MY,5.4112,100.3354,82.33,79,40,3.44,moderate rain
157,Komsomolets,KZ,53.7453,62.0708,33.28,74,69,12.84,broken clouds
158,Yangi Marg`ilon,UZ,40.4272,71.7189,54.32,76,100,2.3,overcast clouds
159,Arrondissement de Pontarlier,FR,46.8333,6.25,48.94,90,100,4.54,overcast clouds
160,Bherāmāra,BD,24.0232,88.9925,84.07,49,45,7.67,scattered clouds
161,Geraldton,AU,-28.7667,114.6,84.61,26,0,16.11,clear sky
162,Daru,PG,-9.0763,143.2092,87.33,65,56,9.71,broken clouds
163,El Alto,PE,-4.2714,-81.2147,62.38,82,100,10.25,overcast clouds
164,George Town,MY,5.4112,100.3354,82.33,79,40,3.44,moderate rain
165,La Ronge,CA,55.1001,-105.2842,28.67,94,100,13.4,snow
166,Ponta do Sol,PT,32.6667,-17.1,72.01,91,92,4.74,overcast clouds
167,Saint-Augustin,CA,51.226,-58.6502,45.81,95,100,10.47,overcast clouds
168,Raja,SS,8.4596,25.678,70.43,49,41,4.25,scattered clouds
169,Buciumi,RO,47.0333,23.0667,48.13,80,71,1.54,broken clouds
170,Bud,US,39.447,-86.1758,56.14,82,29,3.24,scattered clouds
171,Maceió,BR,-9.6658,-35.7353,74.64,94,0,4.61,clear sky
172,Te Anau,NZ,-45.4167,167.7167,64.06,50,19,3.11,few clouds
173,Flinders,AU,-34.5833,150.8552,65.48,50,19,16.04,few clouds
174,Gijang,KR,35.2442,129.2139,65.71,51,0,4.5,clear sky
175,Santiago,CL,-33.4569,-70.6483,65.86,52,0,2.3,clear sky
176,Río Gallegos,AR,-51.6226,-69.2181,51.64,63,99,11.36,light rain
177,Koshurnikovo,RU,54.1667,93.3,35.92,67,10,3.4,clear sky
178,Andenes,NO,69.3143,16.1194,45.93,81,0,9.22,clear sky
179,Beloha,MG,-25.1667,45.05,78.6,66,46,9.19,scattered clouds
180,Makakilo City,US,21.3469,-158.0858,77.68,67,0,8.05,clear sky
181,Labuhan,ID,-6.8844,112.2051,85.89,64,90,6.42,overcast clouds
182,Meadow Lake,US,34.8014,-106.5436,58.41,37,93,12.15,overcast clouds
183,São Félix do Xingu,BR,-6.6447,-51.995,70.41,99,100,1.52,overcast clouds
184,Honiara,SB,-9.4333,159.95,83.64,77,96,1.16,overcast clouds
185,Kavaratti,IN,10.5669,72.642,82.53,67,44,9.35,scattered clouds
186,Zhangaözen,KZ,43.3,52.8,45.32,71,100,16.78,overcast clouds
187,Biak,ID,-0.9131,122.8766,82.04,75,100,2.24,overcast clouds
188,Inowrocław,PL,52.7989,18.2639,53.11,92,63,6.69,broken clouds
189,Lebu,CL,-37.6167,-73.65,53.15,87,2,1.86,clear sky
190,Kalmunai,LK,7.4167,81.8167,83.68,69,87,3.98,overcast clouds
191,Lamu,KE,-2.2717,40.902,79.02,80,50,8.9,light rain
192,Carauari,BR,-4.8828,-66.8958,63.64,97,100,5.77,moderate rain
193,Barberton,ZA,-25.7884,31.0532,59.18,84,100,1.95,overcast clouds
194,Tiznit Province,MA,29.5833,-9.5,68.7,25,97,1.21,overcast clouds
195,Jamestown,US,42.097,-79.2353,53.24,95,100,4.61,mist
196,Westport,US,41.1415,-73.3579,59.94,87,0,4.61,clear sky
197,Salalah,OM,17.0151,54.0924,84.29,58,20,1.14,few clouds
198,San Fernando,PH,15.0286,120.6898,88.9,60,49,6.46,scattered clouds
199,Bergen,NO,60.392,5.328,49.87,92,75,10.36,light rain
200,Codrington,AU,-38.2667,141.9667,51.78,80,99,16.67,overcast clouds
201,Luga,RU,58.7372,29.8453,43.23,97,100,3.87,overcast clouds
202,Vaitape,PF,-16.5167,-151.75,77.14,81,56,13.91,light rain
203,Iquitos,PE,-3.7481,-73.2472,66.24,94,100,8.05,overcast clouds
204,Young,UY,-32.6833,-57.6333,45.45,50,0,5.26,clear sky
205,San Andrés,CO,12.5847,-81.7006,80.62,89,20,3.44,few clouds
206,Vao,NC,-22.6667,167.4833,76.32,77,78,9.22,broken clouds
207,Murray Bridge,AU,-35.1167,139.2667,60.12,59,98,15.5,overcast clouds
208,Øksfjord,NO,70.2396,22.3479,44.78,90,73,11.97,broken clouds
209,Rocha,UY,-34.4833,-54.3333,40.46,88,0,4.29,clear sky
210,Starkville,US,33.4504,-88.8184,60.67,88,0,0.0,clear sky
211,Talcahuano,CL,-36.7167,-73.1167,53.28,94,100,14.97,overcast clouds
212,Finnsnes,NO,69.2296,17.9811,29.01,94,99,6.69,overcast clouds
213,Bonthe,SL,7.5264,-12.505,76.41,87,99,7.36,overcast clouds
214,Marsabit,KE,2.3284,37.9899,64.42,86,56,16.51,light rain
215,Kieta,PG,-6.2167,155.6333,82.49,80,80,2.39,moderate rain
216,Sørland,NO,67.667,12.6934,51.66,74,100,27.63,overcast clouds
217,Hirara,JP,24.8,125.2833,75.47,94,75,19.57,light intensity shower rain
218,Ketchikan,US,55.3422,-131.6461,35.37,78,6,5.17,clear sky
219,Ukiah,US,39.1502,-123.2078,46.36,89,0,0.0,clear sky
220,Deputatsky,RU,69.3,139.9,-8.37,99,72,4.54,broken clouds
221,Bollnäs,SE,61.3482,16.3946,47.44,97,100,4.56,overcast clouds
222,San Juan,AR,-31.5375,-68.5364,59.25,12,0,5.86,clear sky
223,Tonalá,MX,20.6167,-103.2333,59.92,48,0,0.0,clear sky
224,Orangeburg,US,33.4918,-80.8557,57.49,94,0,0.0,clear sky
225,Krasnosel'kup,RU,65.7,82.4667,17.2,93,100,11.25,overcast clouds
226,Altar,MX,30.7,-111.8167,67.82,37,8,5.26,clear sky
227,Aloleng,PH,16.1307,119.7824,83.32,73,45,11.07,scattered clouds
228,Lyngseidet,NO,69.5763,20.2189,44.6,87,96,16.37,overcast clouds
229,Moscow,RU,55.7522,37.6156,35.38,99,100,2.86,overcast clouds
230,Port Shepstone,ZA,-30.7414,30.455,65.28,81,100,14.76,light rain
231,Freeport,US,40.6576,-73.5832,61.97,85,0,9.22,clear sky
232,Esqueda,MX,30.7167,-109.5833,58.78,43,81,5.39,broken clouds
233,Bakchar,RU,57.0186,82.0711,34.84,77,56,5.28,broken clouds
234,Lowestoft,GB,52.4752,1.7516,48.45,83,47,22.93,scattered clouds
235,Ribeira Grande,PT,38.5167,-28.7,68.77,96,100,11.01,light rain
236,Shizuishan,CN,39.2333,106.7694,50.72,32,100,7.67,overcast clouds
237,Janaúba,BR,-15.8025,-43.3089,74.05,85,93,6.15,moderate rain
238,Sept-Îles,CA,50.2001,-66.3821,42.06,96,100,5.75,mist
239,Chokurdakh,RU,70.6333,147.9167,-1.79,92,100,7.11,overcast clouds
240,Evanston,US,42.0411,-87.6901,55.96,69,0,4.61,clear sky
241,Dicabisagan,PH,17.0818,122.4157,85.84,73,25,8.5,scattered clouds
242,Bengkulu,ID,-3.8004,102.2655,84.33,66,38,7.34,scattered clouds
243,Pombia,IT,45.653,8.6336,54.03,95,8,1.01,clear sky
244,Hong Kong,HK,22.2855,114.1577,70.03,89,100,13.0,overcast clouds
245,Lompoc,US,34.6391,-120.4579,54.79,93,20,14.97,few clouds
246,Bariloche,AR,-41.1456,-71.3082,54.45,43,0,1.83,clear sky
247,Hasaki,JP,35.7333,140.8333,73.22,59,1,7.58,clear sky
248,Rørvik,NO,64.8621,11.2373,51.91,66,20,6.91,few clouds
249,Christchurch,NZ,-43.5333,172.6333,75.4,38,97,11.5,light rain
250,Nanortalik,GL,60.1432,-45.2371,27.43,72,15,3.65,few clouds
251,Beaverlodge,CA,55.2166,-119.4361,14.63,86,13,7.56,few clouds
252,Camaçari,BR,-12.6975,-38.3242,78.57,97,77,2.71,broken clouds
253,Newport,GB,51.5877,-2.9984,52.34,86,0,18.57,clear sky
254,Tyrma,RU,50.0833,132.1667,25.25,58,100,11.48,overcast clouds
255,Chengde,CN,40.9725,117.9361,53.56,28,98,2.84,overcast clouds
256,São Gabriel da Cachoeira,BR,-0.1303,-67.0892,72.54,99,100,5.14,overcast clouds
257,Hailar,CN,49.2,119.7,19.87,53,7,16.26,clear sky
258,Tignère,CM,7.3667,12.65,67.39,56,100,1.41,overcast clouds
259,Ludvika,SE,60.1496,15.1878,50.77,94,99,7.34,overcast clouds
260,Baker City,US,44.7749,-117.8344,33.51,90,100,12.66,overcast clouds
261,Mossamedes,AO,-15.1961,12.1522,68.5,85,87,2.66,overcast clouds
262,Kuybyshevskiy Zaton,RU,55.1593,49.1701,32.2,93,100,26.26,light snow
263,Neuquén,AR,-38.9516,-68.0591,63.1,13,0,11.32,clear sky
264,Kahului,US,20.8947,-156.47,80.62,74,20,9.22,few clouds
265,Passagem Franca,BR,-6.1797,-43.7836,73.45,79,100,0.65,overcast clouds
266,Iqaluit,CA,63.7506,-68.5145,29.93,86,100,18.41,light snow
267,Pyaozerskiy,RU,65.8333,31.1667,28.49,96,76,0.74,broken clouds
268,‘Āhuimanu,US,21.4447,-157.8378,78.85,72,0,9.22,clear sky
269,Dalianwan,CN,39.0286,121.695,55.44,58,0,4.47,clear sky
270,Dwārka,IN,22.2394,68.9678,85.26,36,0,5.57,clear sky
271,Namatanai,PG,-3.6667,152.4333,84.04,71,93,1.9,light rain
272,Clyde River,CA,70.4692,-68.5914,25.03,93,100,21.85,light snow
273,Tagusao,PH,9.1924,117.8141,83.12,69,90,5.68,overcast clouds
274,Russell,US,32.3502,-85.1999,61.02,73,100,3.22,overcast clouds
275,Lyubytino,RU,58.8122,33.3922,39.9,99,100,2.51,overcast clouds
276,Puerto Madryn,AR,-42.7692,-65.0385,53.82,61,7,6.71,clear sky
277,Lata,PT,40.1629,-8.3327,43.92,92,31,3.78,scattered clouds
278,Maţāy,EG,28.419,30.7792,63.84,71,0,7.18,clear sky
279,Marzuq,YE,14.4,46.4667,72.05,40,0,0.96,clear sky
280,Meulaboh,ID,4.1363,96.1285,82.67,74,87,3.18,overcast clouds
281,Ampanihy,MG,-24.7,44.75,77.83,65,53,9.33,broken clouds
282,Esim,GH,4.8699,-2.2405,77.22,86,9,2.71,clear sky
283,Kailua,US,21.4022,-157.7394,79.14,72,0,9.22,clear sky
284,Baykit,RU,61.67,96.37,28.0,81,100,7.38,overcast clouds
285,Margate,GB,51.3813,1.3862,49.3,81,2,3.0,clear sky
286,Tommot,RU,58.9564,126.2925,15.64,87,100,7.0,overcast clouds
287,Rundu,NA,-17.9333,19.7667,71.71,64,100,2.24,overcast clouds
288,Ust'-Ordynskiy,RU,52.805,104.7508,29.59,30,22,2.68,few clouds
289,Farah,AF,32.5,62.5,72.81,21,61,2.57,broken clouds
290,Benguela,AO,-12.5763,13.4055,77.43,77,100,5.64,overcast clouds
291,Tigil',RU,57.8,158.6667,15.3,94,34,3.27,scattered clouds
292,Iguape,BR,-24.7081,-47.5553,61.5,90,100,18.61,overcast clouds
293,San Cristobal,VE,7.7669,-72.225,66.38,97,100,1.23,overcast clouds
294,Agropoli,IT,40.3469,14.9966,55.09,68,21,3.33,few clouds
295,Āsasa,ET,7.1,39.2,55.44,68,0,5.39,clear sky
296,Mwene-Ditu,CD,-7.0,23.45,66.06,91,100,4.63,overcast clouds
297,Vuktyl,RU,63.8567,57.3094,21.49,90,44,4.68,scattered clouds
298,Lishui,CN,28.4604,119.9103,68.16,64,98,2.13,overcast clouds
299,Waddān,LY,29.1614,16.139,59.05,69,43,2.66,scattered clouds
300,Diré,ML,12.2833,-10.9667,71.67,56,60,1.92,broken clouds
301,Balkanabat,TM,39.5108,54.3671,54.95,46,4,3.6,clear sky
302,Zheleznodorozhnyy,RU,55.7503,38.0042,35.37,97,99,3.22,light snow
303,Road Town,VG,18.4167,-64.6167,80.69,77,3,15.73,clear sky
304,Teshie,GH,5.5836,-0.1072,78.55,84,5,5.61,light rain
305,Durham,US,36.0335,-78.8664,60.53,89,75,0.0,broken clouds
306,Kuril'sk,RU,45.2333,147.8833,47.48,69,78,18.48,broken clouds
307,Fairbanks,US,64.8378,-147.7164,7.92,83,0,9.22,clear sky
308,Korla,CN,41.7597,86.1469,51.94,34,4,5.86,clear sky
309,Chālūs,IR,36.655,51.4204,62.06,88,40,4.61,scattered clouds
310,Vardø,NO,70.3705,31.1107,37.38,93,40,23.02,scattered clouds
311,Tromsø,NO,69.6496,18.957,43.38,93,0,4.61,clear sky
312,Emerald,AU,-23.5333,148.1667,76.33,30,0,12.37,clear sky
313,Los Llanos de Aridane,ES,28.6585,-17.9182,72.12,35,100,7.0,overcast clouds
314,Oruzgan,AF,32.8333,66.0,66.36,25,37,1.25,scattered clouds
315,Copiapó,CL,-27.3667,-70.3333,47.89,43,6,0.87,clear sky
316,Touros,BR,-5.1989,-35.4608,76.37,80,44,10.13,scattered clouds
317,Charagua,BO,-19.8,-63.2167,48.7,35,72,5.59,broken clouds
318,Dunedin,NZ,-45.8742,170.5036,56.8,76,100,7.94,overcast clouds
319,Saint-Joseph,RE,-21.3667,55.6167,77.38,76,14,8.9,few clouds
320,Lebanon,US,36.2081,-86.2911,61.97,87,0,0.0,clear sky
321,Bambanglipuro,ID,-7.95,110.2833,82.58,74,100,11.21,overcast clouds
322,Punta Alta,AR,-38.8759,-62.0736,58.26,36,0,14.5,clear sky
323,Kawalu,ID,-7.3817,108.2082,83.5,64,81,4.79,broken clouds
324,Altamont,US,42.2068,-121.7372,30.04,93,100,5.75,mist
325,Araouane,ML,18.9048,-3.5265,72.1,19,0,8.93,clear sky
326,Charters Towers,AU,-20.1,146.2667,85.26,19,5,12.53,clear sky
327,Norman Wells,CA,65.282,-126.8329,6.84,78,100,8.05,light snow
328,Jalpa,MX,21.6333,-102.9667,63.07,36,0,2.55,clear sky
329,Labuan,MY,5.2767,115.2417,86.36,70,20,3.44,few clouds
330,Ambilobe,MG,-13.2,49.05,82.99,44,0,5.91,clear sky
331,Pacifica,US,37.6138,-122.4869,53.58,84,20,8.99,few clouds
332,Boden,SE,65.8252,21.6886,39.2,99,71,4.61,broken clouds
333,Alexandria,EG,31.2156,29.9553,64.94,63,0,10.33,clear sky
334,Poya,NC,-21.35,165.15,81.75,67,100,6.76,overcast clouds
335,Kaitangata,NZ,-46.2817,169.8464,55.53,77,89,5.03,overcast clouds
336,Birin,NP,26.8865,88.0718,65.93,45,0,5.08,clear sky
337,Tecpatán,MX,17.1333,-93.3,67.87,97,27,2.04,scattered clouds
338,North Mankato,US,44.1733,-94.0339,57.29,69,0,10.36,clear sky
339,Kloulklubed,PW,7.0419,134.2556,84.7,74,68,4.72,broken clouds
340,Dalvik,IS,65.9702,-18.5286,33.73,93,100,7.2,overcast clouds
341,Alice Springs,AU,-23.7,133.8833,74.75,22,0,11.5,clear sky
342,Riviere-au-Renard,CA,48.9957,-64.3971,39.49,82,100,4.9,overcast clouds
343,Oodweyne,SO,9.4092,45.064,72.36,50,4,7.52,clear sky
344,Pishin,PK,30.5803,66.9961,70.92,25,25,5.3,scattered clouds
345,Saldanha,ZA,-33.0117,17.9442,60.85,83,39,4.5,light rain
346,Constitución,CL,-35.3333,-72.4167,51.75,85,0,6.67,clear sky
347,Tsabong,BW,-26.0217,22.401,66.29,72,9,21.52,light rain
348,Bathsheba,BB,13.2167,-59.5167,79.41,89,40,17.27,scattered clouds
349,Alekseyevka,RU,50.6309,38.6903,37.69,80,97,7.56,overcast clouds
350,Coquimbo,CL,-29.9533,-71.3436,51.53,93,0,3.44,clear sky
351,Vezirköprü,TR,41.1436,35.4547,36.09,85,8,1.28,clear sky
352,Berlevåg,NO,70.8578,29.0864,42.75,75,64,25.32,broken clouds
353,Āsbe Teferī,ET,9.0833,40.8667,66.02,45,39,3.04,scattered clouds
354,Marsh Harbour,BS,26.5412,-77.0636,80.69,75,1,7.25,clear sky
355,Sur,OM,22.5667,59.5289,85.08,40,1,4.81,clear sky
356,Hofn,IS,64.2539,-15.2082,39.47,68,100,25.48,overcast clouds
357,Panyutyne,UA,48.9333,36.2833,39.0,65,100,5.35,overcast clouds
358,Samarai,PG,-10.6167,150.6667,85.35,70,19,7.14,few clouds
359,Airai,TL,-8.9266,125.4092,73.67,69,84,0.4,broken clouds
360,Zelenoborsk,RU,61.4669,64.0333,34.65,99,100,7.83,snow
361,Octeville,FR,49.6261,-1.6435,48.69,81,75,5.75,broken clouds
362,Nouadhibou,MR,20.931,-17.0347,73.38,38,55,9.22,broken clouds
363,Yulara,AU,-25.2406,130.9889,73.29,22,0,6.87,clear sky
364,Mount Isa,AU,-20.7333,139.5,82.17,16,40,16.11,scattered clouds
365,Aripuanã,BR,-9.1667,-60.6333,68.0,77,100,3.51,overcast clouds
366,Agüimes,ES,27.9054,-15.4461,66.83,83,20,10.36,few clouds
367,Cabo San Lucas,MX,22.8909,-109.9124,74.52,82,6,4.0,clear sky
368,Almaty,KZ,43.25,76.95,58.57,29,93,2.44,overcast clouds
369,Linköping,SE,58.4109,15.6216,51.78,97,100,5.75,overcast clouds
370,Kumul,CN,42.8,93.45,50.99,30,9,7.63,clear sky
371,Port Hedland,AU,-20.3167,118.5667,95.05,8,0,13.8,clear sky
372,Narsaq,GL,60.9167,-46.05,19.62,72,1,6.55,clear sky
373,Ipswich,GB,52.0592,1.1555,49.05,84,41,13.8,scattered clouds
374,Sambava,MG,-14.2667,50.1667,75.74,71,8,8.43,clear sky
375,Rosarito,MX,32.3333,-117.0333,62.42,76,47,3.65,scattered clouds
376,Jhol,PK,25.9551,68.8882,89.73,33,1,11.68,clear sky
377,Kuytun,RU,54.3419,101.5036,29.3,50,14,3.53,few clouds
378,Moindou,NC,-21.6924,165.677,81.66,64,96,7.4,overcast clouds
379,Dzhebariki-Khaya,RU,62.2167,135.8,17.82,95,99,4.18,overcast clouds
380,Ruteng,ID,-8.6136,120.4721,71.8,81,92,0.96,overcast clouds
381,Camacupa,AO,-12.0167,17.4833,62.92,88,98,1.16,overcast clouds
382,Ottawa,CA,45.4112,-75.6981,49.23,93,0,6.91,clear sky
383,Amahai,ID,-3.3333,128.9167,86.63,68,87,6.69,moderate rain
384,Hurghada,EG,27.2574,33.8129,71.64,35,0,11.5,clear sky
385,Adra,ES,36.7496,-3.0206,66.38,70,58,3.87,broken clouds
386,Olafsvik,IS,64.8945,-23.7142,38.23,81,100,26.55,overcast clouds
387,Kongolo,CD,-5.3833,27.0,68.45,97,100,2.46,light rain
388,Bawku,GH,11.0616,-0.2417,76.12,33,82,6.31,broken clouds
389,Alta Floresta,BR,-9.8756,-56.0861,62.29,92,99,6.29,overcast clouds
390,Hailun,CN,47.45,126.9333,28.8,32,17,19.75,few clouds
391,Minot,US,48.2325,-101.2963,54.79,43,0,10.36,clear sky
392,Noumea,NC,-22.2763,166.4572,89.58,72,94,7.72,overcast clouds
393,Aksarka,RU,66.5606,67.7975,12.69,94,23,3.6,few clouds
394,Mayumba,GA,-3.432,10.6554,76.41,90,100,3.04,light rain
395,Turukhansk,RU,65.8167,87.9833,22.37,95,100,11.34,overcast clouds
396,Bukama,CD,-9.2,25.85,70.52,84,100,2.35,overcast clouds
397,La Santisima Trinidad,BO,-14.8333,-64.9,58.5,59,70,3.24,broken clouds
398,Masuguru,TZ,-11.3667,38.4167,77.31,64,0,5.59,clear sky
399,Quatre Cocos,MU,-20.2078,57.7625,78.1,74,27,13.51,light rain
400,Deniliquin,AU,-35.5333,144.9667,56.21,53,85,13.27,overcast clouds
401,Yar-Sale,RU,66.8333,70.8333,13.24,89,25,5.28,scattered clouds
402,Benghazi,LY,32.1167,20.0667,69.13,67,3,4.99,clear sky
403,Bubaque,GW,11.2833,-15.8333,82.71,71,2,5.39,clear sky
404,Cairns,AU,-16.9167,145.7667,85.95,51,20,13.8,few clouds
405,Bowen,AU,-20.0167,148.2333,83.05,38,1,11.25,clear sky
406,Constantine,DZ,36.365,6.6147,49.41,61,0,2.3,clear sky
407,Thohoyandou,ZA,-22.9456,30.485,58.64,91,100,6.46,overcast clouds
408,Leland,US,34.2563,-78.0447,62.96,92,0,1.01,clear sky
409,Belozërskoye,RU,55.8214,65.5842,38.71,75,100,11.86,overcast clouds
410,Namanga,KE,-2.5433,36.7905,66.31,82,99,7.99,overcast clouds
411,Barra do Bugres,BR,-15.0725,-57.1811,61.29,50,27,7.43,scattered clouds
412,Batatais,BR,-20.8911,-47.585,58.98,83,88,7.7,overcast clouds
413,Wamba,NG,8.9333,8.6,72.12,38,95,2.57,overcast clouds
414,Visby,SE,57.6409,18.296,50.83,100,100,5.75,mist
415,Villaviciosa,ES,43.4813,-5.4357,56.97,98,91,4.05,overcast clouds
416,Klaksvík,FO,62.2266,-6.589,49.12,79,26,36.28,scattered clouds
417,Hamilton,US,39.1834,-84.5333,55.4,93,43,1.79,scattered clouds
418,Ossora,RU,59.2353,163.0719,17.58,74,7,5.53,clear sky
419,Yola,NG,9.2,12.4833,73.22,78,0,0.0,clear sky
420,Nieuw Amsterdam,SR,5.8833,-55.0833,78.03,90,100,8.01,overcast clouds
421,Lucapa,AO,-8.4192,20.7447,66.42,94,100,1.88,overcast clouds
422,Houma,US,29.5958,-90.7195,62.01,94,0,3.44,clear sky
423,Gobabis,NA,-22.45,18.9667,68.49,66,55,13.09,light rain
424,Gamba,GA,-2.65,10.0,76.26,89,100,3.98,moderate rain
425,Chancay,PE,-11.5714,-77.2672,60.44,91,39,5.5,scattered clouds
426,Maniitsoq,GL,65.4167,-52.9,22.53,50,0,8.32,clear sky
427,Salina Cruz,MX,16.1667,-95.2,78.13,77,5,14.47,clear sky
428,Manicoré,BR,-5.8092,-61.3003,69.08,96,100,2.55,overcast clouds
429,Burns Lake,CA,54.2331,-125.7533,27.82,89,100,2.55,overcast clouds
430,Beni,CD,0.5,29.4667,64.35,97,100,1.77,overcast clouds
431,Sioux Lookout,CA,50.1001,-91.917,42.22,65,92,8.57,overcast clouds
432,Qaqortoq,GL,60.7167,-46.0333,18.61,77,2,5.77,clear sky
433,Patea,NZ,-39.7583,174.4833,66.92,57,100,12.28,overcast clouds
434,Vestmanna,FO,62.1564,-7.1664,47.32,76,100,23.02,light rain
435,Ulladulla,AU,-35.35,150.4667,65.3,43,73,3.42,broken clouds
436,Ugoofaaru,MV,5.6667,73.0,81.7,71,88,13.02,overcast clouds
437,Progreso,MX,21.2833,-89.6667,81.1,85,37,12.57,light rain
438,Puerto Carreño,CO,6.189,-67.4859,78.51,87,97,3.69,light rain
439,Katsuura,JP,35.1333,140.3,68.92,65,1,6.87,clear sky
440,Gorontalo,ID,0.5412,123.0595,84.49,79,100,2.51,overcast clouds
441,Kerchevskiy,RU,59.946,56.2884,37.98,89,100,9.08,overcast clouds
442,Ballina,AU,-28.8667,153.5667,73.02,36,2,9.37,clear sky
443,Jérémie,HT,18.65,-74.1167,80.19,82,73,4.27,broken clouds
444,‘Ewa Beach,US,21.3156,-158.0072,79.09,67,0,8.05,clear sky
445,Nuuk,GL,64.1835,-51.7216,27.21,74,20,14.97,few clouds
446,Mersing,MY,2.4312,103.8405,85.91,74,40,5.75,thunderstorm
447,Palora,EC,-1.7,-77.9333,63.84,98,99,3.89,light rain
448,Ubari,LY,26.5921,12.7805,58.64,53,81,5.68,broken clouds
449,Khovd,MN,48.0056,91.6419,35.26,48,62,3.76,broken clouds
450,Bitung,ID,1.4451,125.1824,92.25,71,100,0.85,overcast clouds
451,Altea,ES,38.5989,-0.0514,69.31,81,8,7.09,clear sky
452,Syumsi,RU,57.1111,51.6149,36.32,97,100,10.74,overcast clouds
453,Ladysmith,CA,48.9829,-123.8194,45.52,90,74,1.99,broken clouds
454,Eyl,SO,7.9803,49.8164,80.69,68,24,9.93,few clouds
455,Ginir,ET,7.1333,40.7,62.22,71,48,2.57,light rain
456,Luba,GQ,3.4568,8.5547,78.6,86,100,3.31,light rain
457,Požega,HR,45.3403,17.6853,56.41,64,95,2.42,overcast clouds
458,Pacific Grove,US,36.6177,-121.9166,49.68,88,0,4.61,clear sky
459,Tripoli,LY,32.8752,13.1875,68.13,69,17,4.52,few clouds
460,Ylivieska,FI,64.0833,24.55,30.88,95,92,5.14,overcast clouds
461,Sitia,GR,35.2,26.0986,65.98,72,0,15.93,clear sky
462,Canyon,US,34.9803,-101.9188,58.05,71,24,18.43,few clouds
463,Grand-Santi,GF,4.25,-54.3833,71.24,99,99,2.53,overcast clouds
464,Gorom-Gorom,BF,14.4439,-0.2361,74.28,16,35,10.25,scattered clouds
465,Mahibadhoo,MV,3.7833,72.9667,81.93,71,100,15.12,overcast clouds
466,San Quintín,MX,30.4833,-115.95,62.98,85,3,5.35,clear sky
467,São Bartolomeu de Messines,PT,37.2602,-8.2867,57.22,73,24,5.84,few clouds
468,Faya,SA,18.3851,42.4509,61.32,69,25,4.07,scattered clouds
469,Jacmel,HT,18.2342,-72.5347,78.64,81,46,3.47,scattered clouds
470,Perry,US,37.2506,-83.1999,52.52,91,92,2.39,overcast clouds
471,San Joaquin,US,37.9333,-121.3011,53.37,76,0,11.5,clear sky
472,Putina,PE,-15.4667,-69.4333,42.39,68,67,7.45,broken clouds
473,Gashua,NG,12.871,11.0482,74.32,26,36,9.64,scattered clouds
474,Aasiaat,GL,68.7098,-52.8699,6.28,97,81,13.58,broken clouds
475,Kupang,ID,-10.1667,123.5833,88.38,70,40,6.91,scattered clouds
476,Soanierana Ivongo,MG,-16.9167,49.5833,77.45,64,37,3.87,scattered clouds
477,Lavrentiya,RU,65.5833,-171.0,27.32,68,100,28.14,overcast clouds
478,Tacoronte,ES,28.4769,-16.4102,68.34,94,20,2.3,few clouds
479,Havøysund,NO,70.9963,24.6622,41.23,79,71,8.75,broken clouds
480,Sistranda,NO,63.7256,8.834,49.96,79,84,7.0,broken clouds
481,Fresnillo,MX,23.1667,-102.8833,53.15,35,0,2.64,clear sky
482,Bilma,NE,18.6853,12.9164,68.2,27,100,9.04,overcast clouds
483,Mocuba,MZ,-16.8392,36.9856,78.78,74,21,3.62,light rain
484,Cândido Mendes,BR,-1.4467,-45.7167,74.59,96,82,1.48,broken clouds
485,Basoko,CD,1.2391,23.616,70.68,97,100,2.98,light rain
486,Warrington,GB,53.3925,-2.5802,45.86,92,33,1.01,scattered clouds
487,Trifeşti,RO,47.45,27.5167,50.95,91,68,4.92,broken clouds
488,Ponta Delgada,PT,37.7333,-25.6667,70.5,94,75,13.8,heavy intensity rain
489,Berdigestyakh,RU,62.0989,126.6992,11.16,93,87,5.1,overcast clouds
490,Carmarthen,GB,51.8555,-4.3054,55.69,82,5,15.48,clear sky
491,Lorengau,PG,-2.0226,147.2712,86.67,61,97,5.5,overcast clouds
492,Port Lincoln,AU,-34.7333,135.8667,57.78,65,86,17.94,overcast clouds
493,Caravelas,BR,-17.7125,-39.2481,74.75,92,89,6.15,overcast clouds
494,Bourail,NC,-21.5667,165.4833,82.15,62,100,7.0,overcast clouds
495,Stary Krym,UA,45.0333,35.1,45.14,67,100,3.09,overcast clouds
496,Wencheng,CN,33.0559,113.7978,70.05,42,1,4.59,clear sky
497,Valley City,US,46.9233,-98.0032,52.32,46,0,9.22,clear sky
498,Oyama,JP,36.3,139.8,71.64,39,0,3.36,clear sky
499,Vilhena,BR,-12.7406,-60.1458,59.38,55,99,7.7,overcast clouds
500,Petropavlovsk-Kamchatskiy,RU,53.0452,158.6483,36.19,35,75,4.47,broken clouds
501,Acapulco de Juárez,MX,16.8634,-99.8901,78.62,89,20,3.44,few clouds
502,Mezen',RU,65.8522,44.24,29.89,83,100,2.91,overcast clouds
503,Arrondissement de Vannes,FR,47.8333,-2.5,50.61,87,6,6.55,clear sky
504,Moshi,TZ,-3.35,37.3333,70.18,79,47,5.01,scattered clouds
505,Bogovarovo,RU,58.9785,47.0246,31.84,89,93,12.06,overcast clouds
506,Kara-Tyube,RU,44.6336,45.4369,42.55,70,41,14.12,scattered clouds
507,Comodoro Rivadavia,AR,-45.8667,-67.5,51.66,58,0,4.61,clear sky
508,Cururupu,BR,-1.8283,-44.8683,73.76,98,98,1.68,overcast clouds
509,Plettenberg Bay,ZA,-34.0527,23.3716,64.08,66,7,4.34,clear sky
510,Oranjemund,NA,-28.55,16.4333,59.07,81,26,5.32,scattered clouds
511,Dongsheng,CN,39.8161,109.9776,47.48,24,90,12.03,overcast clouds
512,Altay,CN,47.8667,88.1167,39.9,45,51,1.97,broken clouds
513,Balsas,BR,-7.5325,-46.0356,72.66,91,100,6.51,heavy intensity rain
514,Estrela,BR,-28.0611,-50.9383,34.36,97,1,3.65,clear sky
515,Manjakandriana,MG,-18.9167,47.8,67.69,56,73,5.48,broken clouds
516,Kattivākkam,IN,13.2167,80.3167,78.89,91,100,12.28,light rain
517,Gualan,GT,15.1333,-89.3667,71.33,92,31,0.36,scattered clouds
518,Hobyo,SO,5.3505,48.5268,80.6,68,19,6.8,few clouds
519,Rincon,US,32.296,-81.2354,65.86,88,0,0.0,clear sky
520,Yenişehir,TR,40.2644,29.6531,32.05,100,2,0.0,fog
521,Eldoret,KE,0.5204,35.2699,59.92,81,86,13.58,overcast clouds
522,Port Augusta,AU,-32.5,137.7667,66.16,39,47,13.22,scattered clouds
523,Kaabong,UG,3.4836,34.1492,68.63,67,7,13.4,clear sky
524,Pevek,RU,69.7008,170.3133,-0.26,98,100,2.46,overcast clouds
525,Simões,BR,-7.5989,-40.8178,78.22,60,100,4.56,overcast clouds
526,Kenai,US,60.5544,-151.2583,24.15,85,100,12.66,overcast clouds
527,Siniscola,IT,40.5719,9.6922,54.95,56,33,3.94,scattered clouds
528,Kushmurun,KZ,52.4503,64.6311,36.61,64,96,12.33,overcast clouds
529,Kolpashevo,RU,58.3131,82.9089,31.32,85,64,6.42,broken clouds
530,Borogontsy,RU,62.6683,131.1683,8.24,91,99,5.5,overcast clouds
531,Hay River,CA,60.8156,-115.7999,13.98,92,100,9.22,light snow
532,Melito di Porto Salvo,IT,37.9222,15.7714,67.78,72,8,11.5,clear sky
533,Porto Nacional,BR,-10.7081,-48.4172,73.4,97,100,3.27,overcast clouds
534,Naryan-Mar,RU,67.6713,53.087,26.1,84,100,5.39,overcast clouds
535,Le Port,RE,-20.9373,55.2919,80.56,60,2,5.99,clear sky
536,Sitka,US,57.0531,-135.33,33.69,80,0,4.61,clear sky
537,Dondo,MZ,-19.6094,34.7431,70.47,91,100,7.61,light rain
538,San Felipe,VE,10.3399,-68.7425,74.08,97,99,2.04,overcast clouds
539,São João de Pirabas,BR,-0.7747,-47.1772,75.99,92,85,3.31,overcast clouds
540,Maputo,MZ,-25.9653,32.5892,67.68,83,75,6.91,broken clouds
541,Aklavik,CA,68.2191,-135.0107,-7.33,96,58,14.5,broken clouds
542,Rūdbār,AF,30.15,62.6,82.6,20,98,8.48,overcast clouds
543,Slave Lake,CA,55.2834,-114.769,30.18,74,100,10.36,overcast clouds
544,Elmadağ,TR,39.9208,33.2308,45.34,62,19,0.29,few clouds
545,Calabar,NG,4.9517,8.322,75.36,95,100,0.6,overcast clouds
546,Yerbogachën,RU,61.2767,108.0108,21.51,68,72,10.54,broken clouds
547,Yatou,CN,37.15,122.3833,60.94,27,3,2.73,clear sky
548,Olinda,BR,-8.0089,-34.8553,78.53,73,40,5.75,scattered clouds
549,Fare,PF,-16.7,-151.0167,77.14,78,83,11.43,light rain
550,Inhambane,MZ,-23.865,35.3833,76.98,65,40,16.11,scattered clouds
551,Aquiraz,BR,-3.9014,-38.3911,78.89,80,91,8.23,overcast clouds
552,Khandyga,RU,62.6667,135.6,17.17,95,98,3.4,overcast clouds
553,Tateyama,JP,34.9833,139.8667,68.09,62,0,1.34,clear sky
554,Dafeng,CN,23.4517,108.5881,81.68,27,77,8.7,broken clouds
555,Assiut,EG,27.181,31.1837,60.98,56,0,6.64,clear sky
556,Kundiawa,PG,-6.0167,144.9667,78.49,57,48,2.01,scattered clouds
557,Boffa,GN,10.1667,-14.0333,73.51,90,0,0.98,clear sky
558,Huilong,CN,31.8111,121.655,68.94,54,0,8.7,clear sky
559,Singkawang,ID,0.9,109.0,85.91,68,79,5.48,broken clouds
560,Deltona,US,28.9005,-81.2637,76.05,93,0,0.0,clear sky
561,Rantepao,ID,-2.9701,119.8978,74.98,80,100,2.57,overcast clouds
562,Alyangula,AU,-13.8483,136.4192,86.36,68,35,12.12,scattered clouds
563,San Patricio,US,28.017,-97.5169,73.26,89,99,9.73,overcast clouds
564,Panguna,PG,-6.3164,155.4848,75.63,88,97,1.19,moderate rain
565,Kudymkar,RU,59.0173,54.656,38.32,97,100,11.63,overcast clouds
566,Kawambwa,ZM,-9.7915,29.0791,70.41,48,100,5.44,overcast clouds
567,Yei,SS,4.095,30.6779,68.27,93,86,3.0,light rain
568,Zaragoza,ES,41.6561,-0.8773,54.86,80,0,7.0,clear sky
569,Waipawa,NZ,-41.4122,175.5153,62.55,62,100,16.22,moderate rain
570,Zhigansk,RU,66.7697,123.3711,3.36,97,96,18.68,overcast clouds
571,Leshukonskoye,RU,64.8989,45.7622,27.57,90,99,2.57,overcast clouds
572,Kazachinskoye,RU,57.6953,93.2761,34.03,75,34,4.07,scattered clouds
573,Henties Bay,NA,-22.116,14.2845,58.51,90,44,3.6,scattered clouds
574,Mumbwa,ZM,-14.9783,27.0619,70.99,64,91,9.19,overcast clouds
575,Pisco,PE,-13.7,-76.2167,60.85,88,0,10.36,clear sky
576,Kirakira,SB,-10.4544,161.9205,83.21,75,35,2.08,scattered clouds
577,Antequera,ES,37.0194,-4.5612,62.46,68,9,1.81,clear sky
578,Nelson Bay,AU,-32.7167,152.15,69.1,39,14,13.0,few clouds
579,Krutinka,RU,56.0055,71.5113,38.12,76,77,16.22,broken clouds
580,Kramat,ID,-8.1311,113.4499,86.67,66,96,6.6,overcast clouds
581,Kabul,AF,34.5,69.4167,53.92,55,45,2.06,scattered clouds
582,Zabul Province,AF,32.25,67.25,66.52,25,11,8.79,few clouds
583,Tondano,ID,1.3038,124.9112,84.29,73,100,1.19,overcast clouds
584,Cayenne,GF,4.9333,-52.3333,77.04,94,75,0.0,broken clouds
585,Svetogorsk,RU,61.1121,28.8632,40.35,90,67,2.48,broken clouds
586,College,US,64.8569,-147.8028,7.12,85,40,9.22,scattered clouds
587,Surat,IN,21.1667,72.8333,87.78,37,0,5.75,smoke
588,Yabēlo,ET,4.8833,38.0833,62.04,74,17,11.63,few clouds
589,Dinar,TR,38.065,30.1656,33.76,60,1,4.94,clear sky
590,Nyurba,RU,63.2842,118.3319,19.02,90,93,9.48,overcast clouds
591,Makkah al Mukarramah,SA,21.4267,39.8261,78.53,65,57,5.59,broken clouds
592,Juba,SS,4.8517,31.5825,74.1,81,49,3.85,scattered clouds
593,Yala,TH,6.3333,101.25,83.03,76,96,3.29,overcast clouds
594,Neiafu,TO,-18.65,-173.9833,79.48,89,75,6.91,broken clouds
595,Ancud,CL,-41.8697,-73.8203,47.55,85,0,0.85,clear sky
596,Vodnyy,RU,63.5046,53.4095,26.46,95,98,7.23,overcast clouds
597,Teya,RU,60.3778,92.6267,30.31,86,100,11.95,overcast clouds
598,Malakal,SS,9.5334,31.6605,78.78,42,62,5.95,broken clouds
599,Risod,IN,19.9667,76.7833,78.39,45,0,7.54,clear sky
600,Guhāgar,IN,17.4842,73.1929,84.06,55,2,7.34,clear sky
601,Muros,ES,42.7762,-9.0603,56.16,94,99,5.3,overcast clouds
602,Alofi,NU,-19.0595,-169.9187,76.89,88,49,10.36,scattered clouds
603,Kaka,TM,37.3482,59.6143,57.45,69,97,5.61,overcast clouds
604,Vanavara,RU,60.34,102.2797,24.1,69,76,8.79,broken clouds
605,Praia,CV,14.9215,-23.5087,77.54,73,0,12.66,clear sky
606,Alanya,TR,36.5438,31.9998,55.53,34,3,6.46,clear sky
607,Nísia Floresta,BR,-6.0911,-35.2086,72.41,86,12,5.75,few clouds
608,Kyshtovka,RU,56.555,76.6271,35.29,83,97,9.17,overcast clouds
609,Almeirim,BR,-1.5233,-52.5817,73.27,95,96,1.97,overcast clouds
610,Vanimo,PG,-2.6741,141.3028,85.01,76,18,7.16,few clouds
611,Ghanzi,BW,-21.5667,21.7833,65.43,80,100,17.34,overcast clouds
612,Kamenka,RU,51.3223,42.7678,30.27,85,90,11.27,overcast clouds
613,Clonakilty,IE,51.6231,-8.8706,55.09,84,51,30.62,broken clouds
614,Sola,VU,-13.8833,167.55,82.27,63,0,3.98,clear sky
615,Kununurra,AU,-15.7667,128.7333,102.18,12,20,5.75,few clouds
616,Omboué,GA,-1.5746,9.2618,76.39,89,100,4.0,light rain
617,Keningau,MY,5.3378,116.1602,76.37,87,100,1.54,overcast clouds
618,Bell Ville,AR,-32.6259,-62.6887,47.66,27,0,7.54,clear sky
619,Newton Stewart,GB,54.9578,-4.4832,43.41,91,55,7.9,broken clouds
620,Belūsovka,KZ,50.1339,82.5239,41.85,65,1,0.0,clear sky
621,Estreito,BR,-5.7833,-43.25,75.58,73,100,2.84,overcast clouds
622,Broken Hill,AU,-31.95,141.4333,63.64,30,15,15.97,few clouds
623,Urengoy,RU,65.9667,78.3667,16.48,92,100,7.99,overcast clouds
624,Nhulunbuy,AU,-12.2333,136.7667,92.01,62,20,13.8,few clouds
625,San Policarpo,PH,12.1791,125.5072,82.35,78,99,4.79,overcast clouds
626,Mayo,US,38.8876,-76.5119,62.94,87,0,5.75,clear sky
627,Mnogovershinnyy,RU,53.9353,139.9242,30.51,84,97,9.22,overcast clouds
628,Lincoln,US,40.8,-96.667,64.29,50,0,13.8,clear sky
629,Dauphin,CA,51.1494,-100.0502,35.74,80,100,5.75,overcast clouds
630,Dawson,US,31.7735,-84.4466,56.62,67,79,4.61,broken clouds
631,Abhā,SA,18.2164,42.5053,61.05,67,27,4.61,scattered clouds
632,La Orilla,MX,17.9833,-102.2333,74.95,89,0,3.02,clear sky
633,Cap-aux-Meules,CA,47.3821,-61.8597,53.62,100,100,6.91,overcast clouds
634,Kangundo,KE,-1.2979,37.3471,61.14,94,100,4.09,moderate rain
635,Vaasa,FI,63.096,21.6158,37.94,100,100,9.22,mist
636,Kamsack,CA,51.5667,-101.9009,40.75,68,100,13.0,overcast clouds
637,Dingcheng,CN,32.1272,115.0394,72.43,39,0,5.23,clear sky
638,Tezu,IN,27.9167,96.1667,80.01,40,25,3.67,scattered clouds
639,Birjand,IR,32.8663,59.2211,66.67,22,92,9.22,overcast clouds
640,Demirci,TR,39.0461,28.6589,45.34,53,0,5.93,clear sky
641,Wanning,CN,18.8003,110.3967,73.18,68,100,7.61,overcast clouds
642,Bulawayo,ZW,-20.15,28.5833,56.59,93,100,11.45,overcast clouds
643,Kralendijk,BQ,12.15,-68.2667,82.38,83,20,14.97,few clouds
644,Paamiut,GL,61.994,-49.6678,27.07,56,4,4.94,clear sky
645,Karratha,AU,-20.7377,116.8463,87.57,19,0,14.92,clear sky
646,Zhaozhou,CN,45.6833,125.3167,34.27,15,0,20.65,clear sky
647,Sabang,ID,5.8933,95.3214,82.4,68,97,6.26,overcast clouds
648,Anadyr,RU,64.75,177.4833,23.5,74,20,20.13,few clouds
649,Carutapera,BR,-1.195,-46.02,75.9,92,81,3.42,broken clouds
650,Berdychiv,UA,49.8993,28.6024,43.23,94,37,6.87,scattered clouds
651,Hailey,US,43.5196,-114.3153,48.88,56,75,9.22,broken clouds
652,Muisne,EC,0.6,-80.0333,73.81,88,100,8.88,light rain
653,Luena,AO,-11.7833,19.9167,62.62,90,99,1.14,overcast clouds
654,Saint-Pierre,RE,-21.3393,55.4781,78.91,65,0,10.36,clear sky
655,Port Blair,IN,11.6667,92.75,84.24,74,40,8.05,scattered clouds
656,Okhotsk,RU,59.3833,143.3,27.46,75,100,8.95,overcast clouds
657,Collie,AU,-33.3667,116.15,66.58,50,65,5.12,broken clouds
658,Panama City,PA,8.9936,-79.5197,78.44,87,20,3.0,few clouds
659,Okmulgee,US,35.6234,-95.9605,64.02,67,0,4.61,clear sky
660,Manitouwadge,CA,49.1215,-85.8403,39.22,69,71,5.32,broken clouds
661,Podor,MR,16.6527,-14.9587,81.14,16,41,9.64,scattered clouds
662,Aranos,NA,-24.1333,19.1167,69.28,68,54,14.54,broken clouds
663,Kabalo,CD,-6.05,26.9167,71.17,93,100,3.31,light rain
664,Buala,SB,-8.145,159.5921,83.28,74,84,1.41,light rain
665,Shingū,JP,33.7333,135.9833,69.22,70,91,4.81,overcast clouds
666,Chahal Guatemala,GT,15.75,-89.5667,70.88,89,32,2.15,scattered clouds
667,Sassandra,CI,4.95,-6.0833,74.8,93,29,3.53,moderate rain
668,Pangai,TO,-19.8,-174.35,78.91,83,75,8.05,broken clouds
669,Selçuk,TR,37.9514,27.3685,64.27,62,2,5.75,clear sky
670,Kishorganj,BD,24.4333,90.7667,83.77,61,32,4.7,scattered clouds
671,Maragogi,BR,-9.0122,-35.2225,75.51,86,99,8.03,overcast clouds
672,Sunland Park,US,31.7965,-106.58,67.91,34,0,10.0,clear sky
673,Goba,ET,7.0167,39.9833,53.35,73,26,1.92,scattered clouds
674,Myrtle Beach,US,33.6891,-78.8867,62.64,91,0,3.44,clear sky
675,Hammerfest,NO,70.6634,23.6821,45.05,70,0,10.36,clear sky
676,Rimouski,CA,48.4488,-68.524,46.58,84,64,12.03,broken clouds
677,Kislyakovskaya,RU,46.4417,39.675,40.05,70,87,7.25,overcast clouds
678,Qasigiannguit,GL,68.8193,-51.1922,19.65,75,12,8.59,few clouds
679,Sinnamary,GF,5.3833,-52.95,77.58,88,92,6.91,overcast clouds
680,Adrar,MR,20.5022,-10.0711,70.18,13,1,9.08,clear sky
681,Tazovsky,RU,67.4667,78.7,10.42,94,57,6.42,broken clouds
682,Kraśnik,PL,50.9236,22.2271,52.29,92,100,7.36,overcast clouds
683,Soledar,UA,48.6794,38.089,38.73,81,99,5.84,overcast clouds
684,Fajardo,PR,18.3258,-65.6524,81.0,83,75,4.61,broken clouds
685,Querecotillo,PE,-4.8378,-80.6456,65.34,71,92,4.25,overcast clouds
686,Pāli,IN,25.7667,73.3333,85.42,20,0,3.44,clear sky
687,Benjamin Constant,BR,-4.3831,-70.0311,66.33,99,100,5.91,overcast clouds
688,Rawa Mazowiecka,PL,51.7644,20.2549,55.9,86,100,10.36,overcast clouds
689,Hlotse,LS,-28.8718,28.045,53.94,83,100,5.14,light rain
690,Saryozek,KZ,44.3583,77.9753,56.57,31,78,12.41,broken clouds
691,Inuvik,CA,68.3499,-133.7218,9.36,78,100,10.36,light snow
692,Casablanca,MA,33.5928,-7.6192,66.42,89,75,5.75,broken clouds
693,Aswān,EG,24.0934,32.907,65.5,39,0,6.91,clear sky
694,Oistins,BB,13.0667,-59.5333,78.89,89,40,17.27,scattered clouds
695,San Isidro,PE,-12.1167,-77.05,60.39,82,100,11.5,overcast clouds
696,Molina,CL,-35.1167,-71.2833,56.93,51,0,8.05,clear sky
697,Jishou,CN,28.3167,109.7167,74.75,40,0,4.03,clear sky
698,Butwāl,NP,27.7006,83.4484,78.33,53,0,4.21,clear sky
699,Mehamn,NO,71.0357,27.8492,42.71,87,0,12.66,clear sky
